{"2000-06":0.090909,"2000-07":-0.122024,"2000-08":0.016949,"2000-09":-0.126667,"2000-10":-0.164122,"2000-11":-0.077626,"2000-12":-0.029703,"2001-01":0.232653,"2001-02":-0.088079,"2001-03":-0.111111,"2001-04":0.144608,"2001-05":0.07566,"2001-06":-0.051759,"2001-07":-0.083275,"2001-08":0.007634,"2001-09":-0.159576,"2001-10":0.164396,"2001-11":0.268331,"2001-12":0.089176,"2002-01":0.083569,"2002-02":0.108911,"2002-03":0.078477,"2002-04":-0.017865,"2002-05":0.021739,"2002-06":-0.049501,"2002-07":-0.07492,"2002-08":0.039013,"2002-09":-0.167776,"2002-10":0.075957,"2002-11":0.125265,"2002-12":-0.134434,"2003-01":-0.039237,"2003-02":-0.036302,"2003-03":-0.115951,"2003-04":0.1498,"2003-05":0.071222,"2003-06":0.080541,"2003-07":0.085543,"2003-08":0.07788,"2003-09":-0.087217,"2003-10":0.133021,"2003-11":-0.021497,"2003-12":0.057879,"2004-01":0.071697,"2004-02":0.039127,"2004-03":0.020637,"2004-04":-0.083008,"2004-05":-0.038685,"2004-06":-0.020523,"2004-07":-0.094084,"2004-08":0.099773,"2004-09":0.030928,"2004-10":0.0216,"2004-11":0.1065,"2004-12":0.035032,"2005-01":0.062566,"2005-02":0.108492,"2005-03":-0.073405,"2005-04":-0.030493,"2005-05":0.042477,"2005-06":-0.004666,"2005-07":0.124687,"2005-08":-0.024729,"2005-09":0.123931,"2005-10":-0.055767,"2005-11":0.095034,"2005-12":0.097083,"2006-01":0.083702,"2006-02":-0.037337,"2006-03":0.005171,"2006-04":0.063237,"2006-05":-0.086693,"2006-06":-0.003974,"2006-07":0.000665,"2006-08":0.015725,"2006-09":0.008504,"2006-10":0.021405,"2006-11":0.047841,"2006-12":-0.00202,"2007-01":-0.035824,"2007-02":0.035511,"2007-03":0.032251,"2007-04":0.049239,"2007-05":0.094987,"2007-06":0.037866,"2007-07":0.09403,"2007-08":-0.028346,"2007-09":0.061778,"2007-10":0.098443,"2007-11":-0.112761,"2007-12":-0.024574,"2008-01":-0.11946,"2008-02":0.005119,"2008-03":-0.020197,"2008-04":0.077612,"2008-05":-0.01181,"2008-06":-0.140885,"2008-07":-0.009337,"2008-08":-0.134254,"2008-09":-0.081812,"2008-10":-0.285175,"2008-11":-0.157394,"2008-12":0.168826,"2009-01":-0.045127,"2009-02":-0.178289,"2009-03":0.305505,"2009-04":0.202389,"2009-05":0.055231,"2009-06":-0.036555,"2009-07":0.204043,"2009-08":-0.0012,"2009-09":0.139216,"2009-10":-0.094977,"2009-11":0.034981,"2009-12":0.073456,"2010-01":-0.043814,"2010-02":0.002641,"2010-03":0.097454,"2010-04":0.037,"2010-05":-0.151398,"2010-06":0.016136,"2010-07":0.10336,"2010-08":-0.025688,"2010-09":0.119272,"2010-10":0.016825,"2010-11":-0.007722,"2010-12":0.133778,"2011-01":0.00634,"2011-02":-0.054397,"2011-03":0.108336,"2011-04":0.071795,"2011-05":-0.042917,"2011-06":-0.015301,"2011-07":0.015728,"2011-08":-0.136724,"2011-09":-0.17866,"2011-10":0.189607,"2011-11":0.011913,"2011-12":-0.067785,"2012-01":0.105926,"2012-02":0.043759,"2012-03":-0.005512,"2012-04":-0.005039,"2012-05":-0.111749,"2012-06":0.041619,"2012-07":0.014231,"2012-08":0.012592,"2012-09":0.050453,"2012-10":-0.026213,"2012-11":0.035776,"2012-12":0.062207,"2013-01":-0.054143,"2013-02":0.035588,"2013-03":-0.036635,"2013-04":-0.016995,"2013-05":-0.013351,"2013-06":-0.07703,"2013-07":0.049436,"2013-08":0.025076,"2013-09":0.074611,"2013-10":0.039024,"2013-11":0.017684,"2013-12":-0.005536,"2014-01":-0.073786,"2014-02":0.034553,"2014-03":0.00704,"2014-04":0.016908,"2014-05":0.033253,"2014-06":0.006035,"2014-07":0.01661,"2014-08":0.004539,"2014-09":-0.088705,"2014-10":-0.031069,"2014-11":-0.029848,"2014-12":-0.027953,"2015-01":0.018518,"2015-02":0.01761,"2015-03":0.010772,"2015-04":0.068658,"2015-05":-0.055092,"2015-06":-0.04654,"2015-07":-0.071312,"2015-08":-0.06526,"2015-09":0.019649,"2015-10":0.114801,"2015-11":-0.028687,"2015-12":-0.059637,"2016-01":-0.015698,"2016-02":-0.024089,"2016-03":0.13372,"2016-04":-0.010791,"2016-05":-0.047656,"2016-06":0.046423,"2016-07":0.068945,"2016-08":0.012397,"2016-09":0.031588,"2016-10":-0.047824,"2016-11":-0.03776,"2016-12":-0.000751,"2017-01":0.100645,"2017-02":0.011748,"2017-03":0.056523,"2017-04":0.003717,"2017-05":0.090499,"2017-06":0.001329,"2017-07":0.027872,"2017-08":-0.017647,"2017-09":0.008617,"2017-10":0.082537,"2017-11":0.005217,"2017-12":-0.002927,"2018-01":0.075166,"2018-02":-0.078604,"2018-03":0.046609,"2018-04":0.001988,"2018-05":-0.045767,"2018-06":-0.061408,"2018-07":-0.006646,"2018-08":0.000892,"2018-09":0.014112,"2018-10":-0.146477,"2018-11":0.04033,"2018-12":-0.029033,"2019-01":0.114639,"2019-02":-0.027039,"2019-03":-0.032079,"2019-04":0.008696,"2019-05":-0.096129,"2019-06":0.07738,"2019-07":-0.074662,"2019-08":-0.038628,"2019-09":0.05783,"2019-10":0.045971,"2019-11":-0.007806,"2019-12":0.063622,"2020-01":-0.05275,"2020-02":-0.046661,"2020-03":-0.146288,"2020-04":0.100171,"2020-05":0.037582,"2020-06":0.066654,"2020-07":0.054787,"2020-08":0.046631,"2020-09":0.035992,"2020-10":-0.006734,"2020-11":0.177504,"2020-12":0.126014,"2021-01":0.031708,"2021-02":-0.001476,"2021-03":0.019666,"2021-04":0.009587,"2021-05":0.016232,"2021-06":0.012496,"2021-07":-0.047542,"2021-08":-0.023211,"2021-09":-0.069558,"2021-10":-0.014505,"2021-11":-0.047302,"2021-12":0.028258,"2022-01":-0.050632,"2022-02":0.000276,"2022-03":-0.016296,"2022-04":-0.064439,"2022-05":0.021008,"2022-06":-0.144768,"2022-07":0.040557,"2022-08":-0.0436,"2022-09":-0.182179,"2022-10":0.093961,"2022-11":0.171588,"2022-12":-0.069522,"2023-01":0.137382,"2023-02":-0.078305,"2023-03":0.046496,"2023-04":-0.008984,"2023-05":0.034778,"2023-06":0.009557,"2023-07":0.066109,"2023-08":-0.075773,"2023-09":-0.056205,"2023-10":-0.067696,"2023-11":0.147225,"2023-12":0.039499,"2024-01":-0.068791,"2024-02":0.078023,"2024-03":0.046795,"2024-04":-0.060498,"2024-05":-0.013799,"2024-06":0.062882,"2024-07":0.00696,"2024-08":-0.015778,"2024-09":-0.023511,"2024-10":-0.063321,"2024-11":-0.041395,"2024-12":-0.113878,"2025-01":0.085882,"2025-02":0.01297,"2025-03":-0.011524,"2025-04":0.039785,"2025-05":0.079018,"2025-06":0.183902,"2025-07":0.014349,"2025-08":-0.007829,"2025-09":0.108804,"2025-10":0.210986,"2025-11":-0.063196,"2025-12":0.06988,"2026-01":0.287383,"2026-02":0.236582,"2026-03":-0.184118}